query_id,MAP@10,MAP@20,NDCG@10,NDCG@20
1,0.8611111111111112,0.6567829830987726,0.530719403306543,0.4393625231133126
2,0.8152777777777777,0.6999727668845316,0.6950518040550308,0.5454790872149534
3,0.1111111111111111,0.1111111111111111,0.030018575153048885,0.02018949851292579
4,0.0,0.0,0.0,0.0
5,0.0,0.0,0.0,0.0
6,0.9333333333333332,0.7954273504273504,0.6941291917047239,0.5490721504080213
7,1.0,0.6531746031746032,0.5007008281534941,0.4327517515843257
8,0.18333333333333335,0.17777777777777778,0.1022682208274818,0.08413002014723463
9,1.0,1.0,0.38062652754129855,0.25599678441082335
10,1.0,0.9337328521152053,0.9427099990323233,0.783491998045826
11,0.0,0.0,0.0,0.0
12,0.9626543209876544,0.9052295918367349,0.870471595194753,0.7170307994897471
13,1.0,1.0,0.19031326377064928,0.12799839220541168
14,0.6666666666666666,0.5213675213675214,0.227124873942471,0.18734671015775203
15,0.6428571428571428,0.6428571428571428,0.2242087399491943,0.1507953658263312
16,0.5888888888888889,0.5299603174603175,0.33336676552202055,0.28701794136687653
17,0.8917233560090703,0.8166971916971917,0.753227841113678,0.5738909266088924
18,0.9325396825396826,0.8303494124922695,0.650998327242542,0.6058898651515836
19,0.788888888888889,0.6554676317834212,0.5593644037903813,0.4737662862343762
20,0.225,0.23055555555555554,0.07622331642650065,0.10231732941280232
21,0.75,0.5826435837492892,0.5198799899054322,0.44471960351869766
22,0.7833333333333333,0.7152777777777777,0.578051380254105,0.4047779946106728
23,0.75,0.6040616246498599,0.4808758923033367,0.423202524070477
24,1.0,0.437246963562753,0.19031326377064928,0.17542537926679175
25,0.0,0.0900735294117647,0.0,0.0633144740946682
26,0.8583333333333332,0.6605033416875522,0.6060429257922457,0.5493629456604768
27,1.0,0.9373737373737374,0.8826728487262255,0.6428520235397829
28,1.0,1.0,0.9109911217372152,0.6127024285406178
29,1.0,0.882177033492823,0.7146325316070975,0.5327039644549755
30,0.7160714285714285,0.6428957359368279,0.5116974916706117,0.44306314950382286
31,0.0,0.0,0.0,0.0
32,1.0,1.0,0.19031326377064928,0.171875943251408
33,0.0,0.0,0.0,0.0
34,1.0,1.0,0.19031326377064928,0.14857308352839135
35,1.0,0.7192982456140351,0.38062652754129855,0.2861287468325761
Avg,0.6703178202497929,0.5837718680827407,0.39765526221644715,0.321006562593273
