alpha, beta, gamma, mAP@20, NDCG20 
1, 1, 0.5, 0.2949693339029863, 0.17325561921562496
0.5, 0.5, 0.5, 0.2949693339029863, 0.17325561921562496
1, 0.5, 0, 0.2891361727594729, 0.17070641351491975
